{
 "objectName": "OBJECT_NAME",
 "serialNumber": "SERIAL_NUMBER",
 "unitType": 1,
 "visibility": "private",
 "objectProperties": [
  {
   "propertyName": "SDKToGino",
   "channel": {
    "type": 255,
    "id": 0
   },
   "propertyWriteConf": {
    "payloadLen": 2,
    "propertyVisibility": "public",
    "identifier": 0,
    "dataType": 3
   },
   "propertyUm": ""
  },
  {
   "propertyName": "GinoToSDK",
   "channel": {
    "type": 255,
    "id": 0
   },
   "propertyReadConf": {
    "payloadLen": 2,
    "propertyVisibility": "public",
    "identifier": 1,
    "dataType": 3
   },
   "propertyUm": ""
  },
  {
   "propertyName": "GpsTimeDateProperty",
   "channel": {
    "type": 255,
    "id": 0
   },
   "propertyReadConf": {
    "payloadLen": 6,
    "propertyVisibility": "public",
    "identifier": 16,
    "dataType": 3
   },
   "propertyUm": ""
  },
  {
   "propertyName": "GpsPositionProperty",
   "channel": {
    "type": 255,
    "id": 0
   },
   "propertyReadConf": {
    "payloadLen": 14,
    "propertyVisibility": "public",
    "identifier": 17,
    "dataType": 3
   },
   "propertyUm": ""
  },
  {
   "propertyName": "GpsSpeedDirectionProperty",
   "channel": {
    "type": 255,
    "id": 0
   },
   "propertyReadConf": {
    "payloadLen": 6,
    "propertyVisibility": "public",
    "identifier": 18,
    "dataType": 3
   },
   "propertyUm": ""
  },
  {
   "propertyName": "GpsSatelliteInfoProperty",
   "channel": {
    "type": 255,
    "id": 0
   },
   "propertyReadConf": {
    "payloadLen": 1,
    "propertyVisibility": "public",
    "identifier": 19,
    "dataType": 3
   },
   "propertyUm": ""
  },
  {
   "propertyName": "SmartphoneToGino",
   "channel": {
    "type": 255,
    "id": 0
   },
   "propertyWriteConf": {
    "payloadLen": 2,
    "propertyVisibility": "public",
    "identifier": 32,
    "dataType": 3
   },
   "propertyUm": ""
  },
  {
   "propertyName": "GinoToSmartphone",
   "channel": {
    "type": 255,
    "id": 0
   },
   "propertyReadConf": {
    "payloadLen": 2,
    "propertyVisibility": "public",
    "identifier": 33,
    "dataType": 3
   },
   "propertyUm": ""
  },
  {
   "propertyName": "TickTime",
   "channel": {
    "type": 255,
    "id": 0
   },
   "propertyReadConf": {
    "payloadLen": 2,
    "propertyVisibility": "public",
    "identifier": 34,
    "dataType": 3
   },
   "propertyUm": ""
  },
  {
   "propertyName": "DM1",
   "channel": {
    "type": 255,
    "id": 0
   },
   "propertyReadConf": {
    "payloadLen": 2,
    "propertyVisibility": "public",
    "identifier": 35,
    "dataType": 3
   },
   "propertyUm": ""
  },
  {
   "propertyName": "KeyStatus",
   "channel": {
    "type": 255,
    "id": 0
   },
   "propertyReadConf": {
    "payloadLen": 2,
    "propertyVisibility": "public",
    "identifier": 36,
    "dataType": 3
   },
   "propertyUm": ""
  },
  {
   "propertyName": "TractorVIN",
   "channel": {
    "type": 255,
    "id": 0
   },
   "propertyReadConf": {
    "payloadLen": 2,
    "propertyVisibility": "public",
    "identifier": 37,
    "dataType": 3
   },
   "propertyUm": ""
  }
 ]
}

